{
  "ResultDetails": [
    {
      "TC_ID": "TC_001",
      "TC_Desc": "Verify Elements in the page",
      "TestSteps": [
        {
          "StepID": 1,
          "StepName": "Navigate to url",
          "StepDesc": "User is able to navigate to url https://www.goibibo.com/",
          "Status": true,
          "Screenshot": ""
        },
        {
          "StepID": 2,
          "StepName": "Verify the presence of Input Element",
          "StepDesc": "Input elements visible",
          "Status": true,
          "Screenshot": ""
        }
      ]
    }
  ]
}